claim_id,claim,theorem_or_lemma,proof_or_checker,source_or_test,figure_or_table,raw_result,maturity,boundary,fresh_recheck
view-pair-equivalence,Two incompatible valid namespace views can both be certified iff some minimal-support choice has an exposable union of per-locus support intersections,Lemma 1; Theorem 1,proofs/model.md; src/continuity.py,tests/test_model.py; direct replay over graph and policy grids,main minimal-support lemma and exact view-pair theorem; Fig. 1,results/reference/continuity/graph-results.jsonl; results/reference/continuity/policy-pair-results.jsonl,written proof; finite checked,"Conditional on authentic policy snapshots, valid dominance and dependencies, attributable signing epochs, chain signing, and a downward-closed exposure family","final reference run, project-ZIP extraction, and standalone-ZIP extraction rerun after all changes"
no-conflict-separation,A model with no incompatible valid-view pair is reported as no-conflict rather than as a prevented fork,Definition and global corollary,proofs/model.md; src/continuity.py,no-conflict unit test; resolved-recovery and transitive-dominance controls,main pair-class definition; Table IV,results/reference/continuity/continuity-controls.json; results/reference/unit-tests.txt,model definition; finite checked,"No-conflict is vacuous continuity, not evidence that a protocol prevents an otherwise possible fork",final reference and clean extractions rechecked exact field values
risk-trichotomy,"Every incompatible view pair is exactly silent-fork, accountable-fork, or prevented",Corollary 1,proofs/model.md; src/continuity.py,threshold grid; graph grid; eight controls,main pair-class definition; Table IV,results/reference/continuity/summary.json; results/reference/continuity/continuity-controls.json,proved classification; finite checked,"Accountability means forced attributable double-signing in this model, not detection, dissemination, or punishment",final reference and clean extractions reproduced deterministic evidence
computational-lifting,"Under canonical encoding, sound key attribution, per-key EUF-CMA signatures, honest chain signing, and actual exposures in the declared family, certificates for a symbolically prevented pair imply forgery or an integration-assumption failure",Computational lifting corollary,proofs/model.md,assumption audit in docs/source-boundaries.md,main computational-lifting corollary and limitations,not executable,written reduction argument,"No cryptographic library, concrete security bound, or deployed-signature experiment is supplied",proof text and all assumptions re-read after final manuscript build
global-continuity,"A finite model is globally prevented iff every incompatible pair is prevented, and globally accountable iff no incompatible pair is silent",Global continuity corollary,proofs/model.md; src/continuity.py,"3,456 graph models and full-product replay; two targeted branching models",main global-continuity corollary,results/reference/continuity/graph-results.jsonl,written proof; finite checked,Finite static views only; no liveness or freshness,final reference and clean extractions reproduced all rows
nonlocal-composition,Parent requirements can make global prevention strictly stronger than checking each conflict locus independently,Nonlocal composition proposition,proofs/model.md; src/run_continuity.py,joint-amplification control; graph grid joint-only count=2,main nonlocal-composition proposition and Fig. 2,results/reference/continuity/continuity-controls.json; results/reference/continuity/summary.json,constructive proof; finite checked,"Existential strictness result, not a frequency claim",final reference and clean extractions rechecked count and witnesses
recovery-order,A validated dominance edge makes a superseding recovery comparable; a label alone does not,Recovery-order argument,proofs/model.md; src/continuity.py,"resolved-recovery, omitted-resolution, and transitive-dominance controls",main Fig. 1; Table VII,results/reference/continuity/continuity-controls.json,model argument; finite checked,Checker assumes rather than proves protocol-specific dominance,final controls independently replayed
threshold-trichotomy,For one incomparable threshold pair: silent iff q0+q1<=|U|; accountable iff |U|<q0+q1<=|U|+r_F(O); prevented otherwise,Constrained quorum lemma; threshold theorem,proofs/model.md; src/run_continuity.py,"15,552 explicit formula/quorum-exposure comparisons; 31,104 ordered-relation rows reported separately as derived bookkeeping; retained one-locus threshold grid",main threshold-trichotomy theorem; Table II,results/reference/continuity/threshold-triage.csv; results/reference/finite/threshold-results.csv,written proof; exhaustive finite grids,Fixed committees and satisfiable thresholds; prevention specializes Byzantine quorum intersection,"final reference and clean extractions reconciled the explicit, derived, and retained threshold units separately"
threshold-repair,"Minimum total threshold increase for accountability or prevention is the displayed threshold-sum deficit, subject to committee headroom",Threshold-only repair corollary,proofs/model.md,derived proof and threshold edge-case tests,main threshold-repair corollary; Table II,results/reference/unit-tests.txt,proved corollary,"Does not optimize committee membership, availability, or economic cost",proof and tests rechecked
temporal-exposure,A forced key set is exposable iff its key-to-slot graph has a left-saturating matching,Exposure matching lemma,proofs/model.md; src/finite_model.py,fixed-pair regression; holey-window control,main exposure-matching lemma,results/reference/finite/certificates.jsonl; results/reference/continuity/continuity-controls.json,written proof; finite checked,Exposure windows/capacities are asserted assumptions,final reference and replay rechecked
exact-capacity-margin,Maximum Hall deficiency equals matching deficit and the exact added capacity at already allowed slots required to expose a forced set; pair margin is the minimum over its forced-set antichain,Exact exposure-capacity margin theorem,proofs/model.md; src/finite_model.py; src/continuity.py,"19,208-case direct addition oracle; Hall/margin tests; 112 graph certificates",main exact-margin theorem; Table IV,results/reference/continuity/capacity-margin-oracle.csv; results/reference/continuity/summary.json,written proof; exact finite oracle,"Margin is not probability, time-to-compromise, or signer availability and does not add new allowed slots",final oracle had zero mismatches; clean extractions reproduced deterministic fields
fork-complexity,"FORK is NP-complete even for one locus, two incomparable events, and one exposure slot; universal prevention is coNP-complete",Complexity theorem,proofs/model.md,508 exact three-key HITTING SET instances,main complexity-boundary theorem,results/reference/continuity/reduction-results.csv,written reduction; finite checked on small instances,General proof is not mechanized; hardness is worst-case,final reference and clean extractions reproduced reduction rows
checker-exactness,The bounded checker enumerates valid views and exact minimal supports and prunes only forced-key supersets under downward closure,Antichain invariant proposition and algorithm invariants,proofs/model.md; src/continuity.py,25 unit tests; five direct set-family branching cases; two targeted branching namespace models; maximum-bound tests,main antichain-invariant proposition and Algorithm 1; Table III,results/reference/unit-tests.txt; results/reference/continuity/branching-oracle-inputs.json; results/reference/continuity/branching-oracle-outputs.json; results/reference/continuity/branching-oracle-diff.json,code argument; finite checked,Exponential in distinct keys; parser bounds are part of the interface,"final tests and clean extractions passed; target antichain {{1},{0,2}} and margin-zero witness rechecked"
independent-replay,"The separate replay performs its own bounded admission, enumerates full raw support-choice products, minimalizes only once at the end, and rechecks views, forced sets, Hall deficits, margins, schema fields, and one retained feasible witness without importing analyzer components",Replay design argument,src/continuity_replay.py,full graph/reduction/policy/control replay; targeted branching and locus-order cases; replay-admission negative controls; mutation tests,main Sec. V-E; Fig. 3,results/reference/continuity-replay.txt; results/reference/continuity/branching-oracle-diff.json; results/reference/continuity/replay-admission-controls.json; results/reference/unit-tests.txt,implementation-diverse finite check,"Does not reuse local or layerwise antichain pruning, but shares Python, JSON, schema, mathematical specification, and project authorship; not independent human review","final reference and clean extractions accepted all 4,484 namespace models and all targeted admission/branching controls"
finite-observations,"The declared finite evidence units match their appropriate direct oracle or expected aggregate target; the 70,348 recorded rows are partitioned by validation path rather than treated as one common agreement count",Measured observation,src/reproduce.py; src/run_continuity.py; src/run_pilot.py,"15,552 threshold formula/oracle cases; 31,104 derived ordered-relation rows; 4,484 checker/replay namespace models; 19,208 margin-oracle cases; 25 tests; targeted branching/admission controls; retained regressions",main Table IV,results/reference/reproduction.json; results/reference/run-ledger.json,measured finite observation,"Not a general proof, deployment benchmark, prevalence estimate, or independent review",final reference and both delivery ZIP extractions rerun with each evidence unit reported separately
offline-currentness,Historical self-certifying evidence alone cannot establish that no later recovery or revocation exists,Two-world proposition,proofs/model.md,hidden-revocation fixed-pair control,main historical-currentness proposition,results/reference/finite/controls.json,written impossibility argument; illustration computed,A fresh trusted input can restore currentness under its own assumptions,proof and control rechecked
closest-work-boundary,"The one-locus prevention condition specializes Byzantine quorum intersection; prior work already covers self-certifying names, recovery, reconfiguration, transparency, and protocol accountability",Source-boundary analysis,docs/source-boundaries.md; docs/literature-audit.md; research-plan.md,"12 TDSC full-paper calibration items, five influential papers, and eight adjacent full papers",main Sec. VII; Table V,external_resources.csv,source-supported boundary; analytical judgment,Not an external novelty certificate; human authors must repeat source review before external use,metadata corrections and source inventory rechecked on 2026-09-18
