name,scholarly_or_official_url,license,access_date,resource_type,acquisition_method,integration_mode,supported_claim,internals_modified,read_scope
Automatic Reconfiguration for Large-Scale Reliable Storage Systems,https://doi.org/10.1109/TDSC.2010.52,IEEE publication; author-final manuscript not redistributed,2026-09-18,same-venue scholarly full paper,publisher metadata plus MIT/author-final manuscript,"citation, closest-work boundary, and venue calibration","ordered membership views, reconfiguration architecture, proof/evaluation separation",no,"complete article: model, protocol, correctness discussion, implementation/evaluation, related work, conclusion"
Prime: Byzantine Replication under Attack,https://doi.org/10.1109/TDSC.2010.70,IEEE publication; author manuscript not redistributed,2026-09-18,same-venue scholarly full paper,publisher metadata plus complete author manuscript,citation and venue calibration,"adversarial performance property, protocol argument, negative-control style evaluation",no,"complete article including attack case, property, protocol, argument, evaluation, related work, conclusion"
Fast Byzantine Consensus,https://doi.org/10.1109/TDSC.2006.35,IEEE publication; author manuscript not redistributed,2026-09-18,same-venue scholarly full paper,publisher metadata plus complete author manuscript,citation and venue calibration,"protocol assumptions, correctness, lower-bound scope, analytical narrative",no,"complete article including model, protocols, lower bounds, application, correction context"
Steward: Scaling Byzantine Fault-Tolerant Replication to Wide Area Networks,https://doi.org/10.1109/TDSC.2008.53,IEEE publication; author manuscript not redistributed,2026-09-18,same-venue scholarly full paper,publisher/institutional metadata plus author full text,citation and venue calibration,"hierarchical BFT architecture, safety/liveness reasoning, comparative evaluation",no,"complete article including architecture, protocol, proof, prototype, multi-topology evaluation"
Simple and Efficient Oracle-Based Consensus Protocols for Asynchronous Byzantine Systems,https://doi.org/10.1109/TDSC.2005.13,IEEE publication; author version not redistributed,2026-09-18,same-venue scholarly full paper,publisher metadata plus complete author version,citation and venue calibration,"explicit oracle assumptions, correctness and communication analysis",no,"complete article including model, both protocols, proofs, cost comparison, related work"
AWARE: Adaptive Wide-Area Replication for Fast and Resilient Byzantine Consensus,https://doi.org/10.1109/TDSC.2020.3030605,IEEE publication; arXiv/accepted manuscript not redistributed,2026-09-18,same-venue scholarly full paper,publisher metadata plus arXiv full text,citation and venue calibration,separation of inherited safety from adaptive optimization and layered evaluation,no,"complete article including model, monitoring, optimizer, safety boundary, evaluations, integration"
DBFT: A Byzantine Fault Tolerance Protocol With Graceful Performance Degradation,https://doi.org/10.1109/TDSC.2021.3095544,IEEE publication; author copy not redistributed,2026-09-18,same-venue scholarly full paper,publisher metadata plus complete author/publisher text,citation and venue calibration,safety/liveness proof followed by normal and faulty-case experiments,no,"complete article including model, mechanism, proofs, attack discussion, evaluation, conclusion"
k-Zero Day Safety: A Network Security Metric for Measuring the Risk of Unknown Vulnerabilities,https://doi.org/10.1109/TDSC.2013.24,IEEE publication; NIST-hosted paper not redistributed,2026-09-18,same-venue scholarly full paper,NIST record and complete hosted PDF,venue calibration only,"worst-case finite metric, complexity, algorithms, case-study interpretation",no,"complete article including running example, metric, complexity, algorithms, applications, limitations"
Network Attack Surface: Lifting the Attack Surface Concept to Network Level for Evaluating the Resilience against Zero-Day Attacks,https://doi.org/10.1109/TDSC.2018.2889086,IEEE publication; NIST-hosted paper not redistributed,2026-09-18,same-venue scholarly full paper,NIST record and complete hosted PDF,venue calibration only,"graph abstraction, mapping obligations, algorithm/case-study separation",no,"complete article including graph model, metrics, algorithms, validation, discussion, conclusion"
Security-Minded Verification of Cooperative Awareness Messages,https://doi.org/10.1109/TDSC.2023.3345543,IEEE open-access article; full text not redistributed,2026-09-18,same-venue scholarly full paper,publisher full HTML/PDF and institutional metadata,venue calibration only,"distinct roles of threat analysis, static verification, runtime verification, simulation, and artifacts",no,"complete article including methodology, STRIDE analysis, Promela/SPIN, Dafny, runtime monitoring, mitigations, data statement"
Efficient Identity-Based Data Integrity Auditing With Key-Exposure Resistance for Cloud Storage,https://doi.org/10.1109/TDSC.2022.3228699,IEEE open-access article; full text not redistributed,2026-09-18,same-venue scholarly full paper,publisher/DBLP metadata plus complete open text,citation and venue calibration,application-specific key-exposure and key-update assumptions; proof/performance separation,no,"complete article including models, construction, security proof, functionality/performance evaluation"
AccCred: Improved Accountable Anonymous Credentials With Dynamic Triple-Hiding Committees,https://doi.org/10.1109/TDSC.2024.3474060,accepted manuscript CC BY-NC-ND 4.0; not redistributed,2026-09-18,same-venue scholarly full paper,IEEE/DBLP metadata plus SMU accepted manuscript,citation and venue calibration,"dynamic hidden committees, formal games/reductions, implementation comparison",no,"complete accepted manuscript including model, primitive, construction, proof, performance, related work"
Separating Key Management from File System Security,https://doi.org/10.1145/346152.346183,ACM publication; readable author/course PDF not redistributed,2026-09-18,influential scholarly full paper,DOI metadata plus complete readable PDF,citation and historical/technical boundary,"self-certifying pathnames, external key management, forwarding and revocation",no,"complete 16-page paper including definitions, architecture, forwarding/revocation, implementation, measurements"
Byzantine Quorum Systems,https://doi.org/10.1007/s004460050050,Springer publication; author/course PDF not redistributed,2026-09-18,influential scholarly full paper,publisher metadata plus complete author/course PDF,citation and formal boundary,quorum intersection outside fail-prone sets; one-locus specialization,no,"definitions, conditions, constructions, load, variants, and proof context inspected"
Proactive Recovery in a Byzantine-Fault-Tolerant System,https://www.usenix.org/conference/osdi-2000/proactive-recovery-byzantine-fault-tolerant-system,USENIX open-access publication; not redistributed,2026-09-18,influential scholarly full paper,USENIX full paper and metadata,citation and recovery boundary,"bounded vulnerability window, refresh/recovery assumptions, implementation evidence",no,"complete paper including protocol, assumptions, implementation, evaluation, related work"
SUNDR: Secure Untrusted Data Repository,https://www.usenix.org/conference/osdi-04/secure-untrusted-data-repository-sundr,USENIX open-access publication; not redistributed,2026-09-18,influential scholarly full paper,USENIX full paper and metadata,citation and fork-consistency boundary,"fork consistency, client histories, communication/freshness assumptions",no,"complete paper including model, protocol, implementation, evaluation, related work"
PeerReview: Practical Accountability for Distributed Systems,https://doi.org/10.1145/1294261.1294279,ACM publication; author manuscript not redistributed,2026-09-18,influential scholarly full paper,DOI metadata plus complete author manuscript,citation and accountability boundary,"tamper-evident logs, evidence, monitoring, implementation/evaluation",no,"complete paper including model, protocol, evidence, implementation, evaluation"
Key Event Receipt Infrastructure (KERI) Design,https://arxiv.org/abs/1907.02143,arXiv distribution; not redistributed,2026-09-18,adjacent scholarly full paper,arXiv full text,citation and recovery-semantics boundary,"self-certifying identifiers, key-event order, pre-rotation, witnesses, delegation, superseding recovery",no,"complete design with establishment, rotation, delegation, disputed events, witnesses, recovery sections"
Asynchronous Reconfiguration with Byzantine Failures,https://doi.org/10.1007/s00446-022-00421-1,Springer publication; arXiv/DISC version not redistributed,2026-09-18,adjacent scholarly full paper,publisher full HTML plus arXiv/DISC full paper,citation and reconfiguration boundary,"comparable histories/configurations, forward-secure supersession, online safety/liveness",no,complete paper and appendices/theorem context inspected
Accountability and Reconfiguration: Self-Healing Lattice Agreement,https://doi.org/10.4230/LIPIcs.OPODIS.2021.25,CC BY 4.0 via LIPIcs; not redistributed,2026-09-18,adjacent scholarly full paper,DROPS full paper and metadata,citation and accountability/reconfiguration boundary,"comparable lattice states, undeniable fork evidence, reconfiguration and healing",no,"complete paper including model, construction, proofs, examples, related work"
CONIKS: Bringing Key Transparency to End Users,https://www.usenix.org/conference/usenixsecurity15/technical-sessions/presentation/melara,USENIX open-access publication; not redistributed,2026-09-18,adjacent scholarly full paper,USENIX full paper and metadata,citation and transparency boundary,"auditable key directory, consistency, client/provider checks, fresh evidence",no,"complete paper including design, consistency, implementation, evaluation"
Rotatable Zero Knowledge Sets: Post-Compromise Secure Auditable Dictionaries with Application to Key Transparency,https://doi.org/10.1007/978-3-031-22969-5_19,Springer publication; IACR ePrint full text not redistributed,2026-09-18,adjacent scholarly full paper,publisher metadata plus IACR ePrint 2022/116,citation and post-compromise directory boundary,"rotatable authenticated dictionaries, definitions, proofs, performance",no,"complete paper including definitions, constructions, proofs, applications, evaluation"
Polygraph: Accountable Byzantine Agreement,https://doi.org/10.1109/ICDCS51616.2021.00039,IEEE publication; author/ePrint full text not redistributed,2026-09-18,adjacent scholarly full paper,publisher/DBLP metadata plus complete ePrint/author text,citation and accountability boundary,"accountable Byzantine agreement definitions, construction, proof, evaluation",no,"complete paper including model, protocol, proofs, evaluation, related work"
BFT Protocol Forensics,https://doi.org/10.1145/3460120.3484566,ACM publication; arXiv full text not redistributed,2026-09-18,adjacent scholarly full paper,ACM/DBLP metadata plus arXiv full text,citation and forensic boundary,"post-violation evidence, lower/upper bounds, protocol-specific forensic support",no,"complete paper including formal model, bounds, protocol analyses, implementation discussion"
Fork Accountability in Tenderbake,https://doi.org/10.4230/OASIcs.FAB.2022.5,CC BY 4.0 via OASIcs; not redistributed,2026-09-18,adjacent scholarly full paper,DROPS full paper and metadata,citation and consensus-accountability boundary,fork evidence and protocol-specific accountability,no,"complete paper including definitions, proof, examples, related work"
A Forward-Secure Digital Signature Scheme,https://doi.org/10.1007/3-540-48405-1_28,Springer publication; manuscript not redistributed,2026-09-18,scholarly paper,publisher metadata plus accessible manuscript,citation only,forward-secure signing epochs and later-compromise boundary,no,"abstract, definitions, construction, and security theorem context inspected"
Fork Sequential Consistency is Blocking,https://doi.org/10.1016/j.ipl.2008.12.004,Elsevier publication; not redistributed,2026-09-18,scholarly paper,publisher/author metadata and full text,citation only,blocking limitation of fork-sequential consistency,no,complete short paper inspected
Atomic Snapshots Using Lattice Agreement,https://doi.org/10.1007/BF02242714,Springer publication; not redistributed,2026-09-18,scholarly paper,publisher metadata and accessible full text,citation only,historical lattice-agreement foundation,no,definition and construction/proof context inspected
Dynamic Byzantine Quorum Systems,https://doi.org/10.1109/ICDSN.2000.857551,IEEE publication; not redistributed,2026-09-18,scholarly paper,publisher metadata and accessible full text,citation only,dynamic quorum membership and availability/intersection boundary,no,complete paper inspected for model and reconfiguration conditions
Secure Logging Schemes and Certificate Transparency,https://doi.org/10.1007/978-3-319-45741-3_8,Springer publication; not redistributed,2026-09-18,scholarly paper,publisher metadata and accessible full text,citation only,append-only secure logging and transparency boundary,no,construction/security-definition and transparency sections inspected
Practical Byzantine Fault Tolerance,https://www.usenix.org/conference/osdi-99/practical-byzantine-fault-tolerance,USENIX open-access publication; not redistributed,2026-09-18,scholarly full paper,USENIX full paper and metadata,citation only,baseline BFT safety/liveness and implementation evidence,no,complete paper inspected
On Representatives of Subsets,https://doi.org/10.1112/jlms/s1-10.37.26,publisher publication; not redistributed,2026-09-18,scholarly theorem source,publisher metadata; local argument is self-contained,attribution only,Hall matching theorem,no,bibliographic identity and theorem statement checked; not counted as a full-paper calibration item
Computers and Intractability: A Guide to the Theory of NP-Completeness,https://dl.acm.org/doi/book/10.5555/578533,book copyright; not redistributed,2026-09-18,scholarly book,library/publisher metadata,complexity attribution only,HITTING SET as a standard NP-complete source problem,no,bibliographic identity and problem definition checked; not counted as a full-paper calibration item
TDSC author information,https://www.computer.org/csdl/journal/tq/write-for-us/15068,official web content; not redistributed,2026-09-18,workflow policy source,official journal page plus supplied project contract,workflow only; not manuscript literature,"article route, page/supplement/link checks for internal calibration",no,official route rechecked; live portal must be checked again before external use
IEEE Computer Society author resources,https://www.computer.org/publications/author-resources,official web content; not redistributed,2026-09-18,workflow policy source,official author page,workflow only,journal template and author-resource guidance,no,relevant guidance inspected
IEEE AI-generated content policy,https://journals.ieeeauthorcenter.ieee.org/become-an-ieee-journal-author/publishing-ethics/guidelines-and-policies/submission-and-peer-review-policies/,official web content; not redistributed,2026-09-18,workflow policy source,official policy page,workflow and disclosure only,substantive AI-generated content requires truthful disclosure,no,relevant policy text inspected; must be rechecked before external use
IEEE journal template family,https://template-selector.ieee.org/,publisher asset; supplied files retained under notices,2026-09-18,publisher template source,matched supplied TEMPLATE.zip,unmodified IEEEtran class and IEEEtranS bibliography style,initial-submission typesetting family,no,class/style structure compared with supplied asset
Python standard library,https://docs.python.org/3/library/,PSF license; runtime not redistributed,2026-09-18,execution dependency,preinstalled local runtime,standard-library execution only,"checker, tests, replay, reproduction",no,all documented commands executed without third-party packages
Project symbolic inputs,internal:inputs/,MIT under repository LICENSE,2026-09-18,scientific inputs,deterministic bundled inputs and generators,bundled inputs and raw generated results,"finite validation, controls, and regressions",no,all inputs exercised by full reproduction
