family_mask,budget,hitting_set_exists,fork_feasible,classification
1,0,0,0,prevented
1,1,1,1,accountable-fork
1,2,1,1,accountable-fork
1,3,1,1,accountable-fork
2,0,0,0,prevented
2,1,1,1,accountable-fork
2,2,1,1,accountable-fork
2,3,1,1,accountable-fork
3,0,0,0,prevented
3,1,0,0,prevented
3,2,1,1,accountable-fork
3,3,1,1,accountable-fork
4,0,0,0,prevented
4,1,1,1,accountable-fork
4,2,1,1,accountable-fork
4,3,1,1,accountable-fork
5,0,0,0,prevented
5,1,1,1,accountable-fork
5,2,1,1,accountable-fork
5,3,1,1,accountable-fork
6,0,0,0,prevented
6,1,1,1,accountable-fork
6,2,1,1,accountable-fork
6,3,1,1,accountable-fork
7,0,0,0,prevented
7,1,0,0,prevented
7,2,1,1,accountable-fork
7,3,1,1,accountable-fork
8,0,0,0,prevented
8,1,1,1,accountable-fork
8,2,1,1,accountable-fork
8,3,1,1,accountable-fork
9,0,0,0,prevented
9,1,0,0,prevented
9,2,1,1,accountable-fork
9,3,1,1,accountable-fork
10,0,0,0,prevented
10,1,0,0,prevented
10,2,1,1,accountable-fork
10,3,1,1,accountable-fork
11,0,0,0,prevented
11,1,0,0,prevented
11,2,0,0,prevented
11,3,1,1,accountable-fork
12,0,0,0,prevented
12,1,0,0,prevented
12,2,1,1,accountable-fork
12,3,1,1,accountable-fork
13,0,0,0,prevented
13,1,0,0,prevented
13,2,1,1,accountable-fork
13,3,1,1,accountable-fork
14,0,0,0,prevented
14,1,0,0,prevented
14,2,1,1,accountable-fork
14,3,1,1,accountable-fork
15,0,0,0,prevented
15,1,0,0,prevented
15,2,0,0,prevented
15,3,1,1,accountable-fork
16,0,0,0,prevented
16,1,1,1,accountable-fork
16,2,1,1,accountable-fork
16,3,1,1,accountable-fork
17,0,0,0,prevented
17,1,1,1,accountable-fork
17,2,1,1,accountable-fork
17,3,1,1,accountable-fork
18,0,0,0,prevented
18,1,0,0,prevented
18,2,1,1,accountable-fork
18,3,1,1,accountable-fork
19,0,0,0,prevented
19,1,0,0,prevented
19,2,1,1,accountable-fork
19,3,1,1,accountable-fork
20,0,0,0,prevented
20,1,1,1,accountable-fork
20,2,1,1,accountable-fork
20,3,1,1,accountable-fork
21,0,0,0,prevented
21,1,1,1,accountable-fork
21,2,1,1,accountable-fork
21,3,1,1,accountable-fork
22,0,0,0,prevented
22,1,0,0,prevented
22,2,1,1,accountable-fork
22,3,1,1,accountable-fork
23,0,0,0,prevented
23,1,0,0,prevented
23,2,1,1,accountable-fork
23,3,1,1,accountable-fork
24,0,0,0,prevented
24,1,1,1,accountable-fork
24,2,1,1,accountable-fork
24,3,1,1,accountable-fork
25,0,0,0,prevented
25,1,0,0,prevented
25,2,1,1,accountable-fork
25,3,1,1,accountable-fork
26,0,0,0,prevented
26,1,0,0,prevented
26,2,1,1,accountable-fork
26,3,1,1,accountable-fork
27,0,0,0,prevented
27,1,0,0,prevented
27,2,0,0,prevented
27,3,1,1,accountable-fork
28,0,0,0,prevented
28,1,0,0,prevented
28,2,1,1,accountable-fork
28,3,1,1,accountable-fork
29,0,0,0,prevented
29,1,0,0,prevented
29,2,1,1,accountable-fork
29,3,1,1,accountable-fork
30,0,0,0,prevented
30,1,0,0,prevented
30,2,1,1,accountable-fork
30,3,1,1,accountable-fork
31,0,0,0,prevented
31,1,0,0,prevented
31,2,0,0,prevented
31,3,1,1,accountable-fork
32,0,0,0,prevented
32,1,1,1,accountable-fork
32,2,1,1,accountable-fork
32,3,1,1,accountable-fork
33,0,0,0,prevented
33,1,0,0,prevented
33,2,1,1,accountable-fork
33,3,1,1,accountable-fork
34,0,0,0,prevented
34,1,1,1,accountable-fork
34,2,1,1,accountable-fork
34,3,1,1,accountable-fork
35,0,0,0,prevented
35,1,0,0,prevented
35,2,1,1,accountable-fork
35,3,1,1,accountable-fork
36,0,0,0,prevented
36,1,1,1,accountable-fork
36,2,1,1,accountable-fork
36,3,1,1,accountable-fork
37,0,0,0,prevented
37,1,0,0,prevented
37,2,1,1,accountable-fork
37,3,1,1,accountable-fork
38,0,0,0,prevented
38,1,1,1,accountable-fork
38,2,1,1,accountable-fork
38,3,1,1,accountable-fork
39,0,0,0,prevented
39,1,0,0,prevented
39,2,1,1,accountable-fork
39,3,1,1,accountable-fork
40,0,0,0,prevented
40,1,1,1,accountable-fork
40,2,1,1,accountable-fork
40,3,1,1,accountable-fork
41,0,0,0,prevented
41,1,0,0,prevented
41,2,1,1,accountable-fork
41,3,1,1,accountable-fork
42,0,0,0,prevented
42,1,0,0,prevented
42,2,1,1,accountable-fork
42,3,1,1,accountable-fork
43,0,0,0,prevented
43,1,0,0,prevented
43,2,0,0,prevented
43,3,1,1,accountable-fork
44,0,0,0,prevented
44,1,0,0,prevented
44,2,1,1,accountable-fork
44,3,1,1,accountable-fork
45,0,0,0,prevented
45,1,0,0,prevented
45,2,1,1,accountable-fork
45,3,1,1,accountable-fork
46,0,0,0,prevented
46,1,0,0,prevented
46,2,1,1,accountable-fork
46,3,1,1,accountable-fork
47,0,0,0,prevented
47,1,0,0,prevented
47,2,0,0,prevented
47,3,1,1,accountable-fork
48,0,0,0,prevented
48,1,1,1,accountable-fork
48,2,1,1,accountable-fork
48,3,1,1,accountable-fork
49,0,0,0,prevented
49,1,0,0,prevented
49,2,1,1,accountable-fork
49,3,1,1,accountable-fork
50,0,0,0,prevented
50,1,0,0,prevented
50,2,1,1,accountable-fork
50,3,1,1,accountable-fork
51,0,0,0,prevented
51,1,0,0,prevented
51,2,1,1,accountable-fork
51,3,1,1,accountable-fork
52,0,0,0,prevented
52,1,0,0,prevented
52,2,1,1,accountable-fork
52,3,1,1,accountable-fork
53,0,0,0,prevented
53,1,0,0,prevented
53,2,1,1,accountable-fork
53,3,1,1,accountable-fork
54,0,0,0,prevented
54,1,0,0,prevented
54,2,1,1,accountable-fork
54,3,1,1,accountable-fork
55,0,0,0,prevented
55,1,0,0,prevented
55,2,1,1,accountable-fork
55,3,1,1,accountable-fork
56,0,0,0,prevented
56,1,1,1,accountable-fork
56,2,1,1,accountable-fork
56,3,1,1,accountable-fork
57,0,0,0,prevented
57,1,0,0,prevented
57,2,1,1,accountable-fork
57,3,1,1,accountable-fork
58,0,0,0,prevented
58,1,0,0,prevented
58,2,1,1,accountable-fork
58,3,1,1,accountable-fork
59,0,0,0,prevented
59,1,0,0,prevented
59,2,0,0,prevented
59,3,1,1,accountable-fork
60,0,0,0,prevented
60,1,0,0,prevented
60,2,1,1,accountable-fork
60,3,1,1,accountable-fork
61,0,0,0,prevented
61,1,0,0,prevented
61,2,1,1,accountable-fork
61,3,1,1,accountable-fork
62,0,0,0,prevented
62,1,0,0,prevented
62,2,1,1,accountable-fork
62,3,1,1,accountable-fork
63,0,0,0,prevented
63,1,0,0,prevented
63,2,0,0,prevented
63,3,1,1,accountable-fork
64,0,0,0,prevented
64,1,1,1,accountable-fork
64,2,1,1,accountable-fork
64,3,1,1,accountable-fork
65,0,0,0,prevented
65,1,1,1,accountable-fork
65,2,1,1,accountable-fork
65,3,1,1,accountable-fork
66,0,0,0,prevented
66,1,1,1,accountable-fork
66,2,1,1,accountable-fork
66,3,1,1,accountable-fork
67,0,0,0,prevented
67,1,0,0,prevented
67,2,1,1,accountable-fork
67,3,1,1,accountable-fork
68,0,0,0,prevented
68,1,1,1,accountable-fork
68,2,1,1,accountable-fork
68,3,1,1,accountable-fork
69,0,0,0,prevented
69,1,1,1,accountable-fork
69,2,1,1,accountable-fork
69,3,1,1,accountable-fork
70,0,0,0,prevented
70,1,1,1,accountable-fork
70,2,1,1,accountable-fork
70,3,1,1,accountable-fork
71,0,0,0,prevented
71,1,0,0,prevented
71,2,1,1,accountable-fork
71,3,1,1,accountable-fork
72,0,0,0,prevented
72,1,1,1,accountable-fork
72,2,1,1,accountable-fork
72,3,1,1,accountable-fork
73,0,0,0,prevented
73,1,0,0,prevented
73,2,1,1,accountable-fork
73,3,1,1,accountable-fork
74,0,0,0,prevented
74,1,0,0,prevented
74,2,1,1,accountable-fork
74,3,1,1,accountable-fork
75,0,0,0,prevented
75,1,0,0,prevented
75,2,0,0,prevented
75,3,1,1,accountable-fork
76,0,0,0,prevented
76,1,0,0,prevented
76,2,1,1,accountable-fork
76,3,1,1,accountable-fork
77,0,0,0,prevented
77,1,0,0,prevented
77,2,1,1,accountable-fork
77,3,1,1,accountable-fork
78,0,0,0,prevented
78,1,0,0,prevented
78,2,1,1,accountable-fork
78,3,1,1,accountable-fork
79,0,0,0,prevented
79,1,0,0,prevented
79,2,0,0,prevented
79,3,1,1,accountable-fork
80,0,0,0,prevented
80,1,1,1,accountable-fork
80,2,1,1,accountable-fork
80,3,1,1,accountable-fork
81,0,0,0,prevented
81,1,1,1,accountable-fork
81,2,1,1,accountable-fork
81,3,1,1,accountable-fork
82,0,0,0,prevented
82,1,0,0,prevented
82,2,1,1,accountable-fork
82,3,1,1,accountable-fork
83,0,0,0,prevented
83,1,0,0,prevented
83,2,1,1,accountable-fork
83,3,1,1,accountable-fork
84,0,0,0,prevented
84,1,1,1,accountable-fork
84,2,1,1,accountable-fork
84,3,1,1,accountable-fork
85,0,0,0,prevented
85,1,1,1,accountable-fork
85,2,1,1,accountable-fork
85,3,1,1,accountable-fork
86,0,0,0,prevented
86,1,0,0,prevented
86,2,1,1,accountable-fork
86,3,1,1,accountable-fork
87,0,0,0,prevented
87,1,0,0,prevented
87,2,1,1,accountable-fork
87,3,1,1,accountable-fork
88,0,0,0,prevented
88,1,1,1,accountable-fork
88,2,1,1,accountable-fork
88,3,1,1,accountable-fork
89,0,0,0,prevented
89,1,0,0,prevented
89,2,1,1,accountable-fork
89,3,1,1,accountable-fork
90,0,0,0,prevented
90,1,0,0,prevented
90,2,1,1,accountable-fork
90,3,1,1,accountable-fork
91,0,0,0,prevented
91,1,0,0,prevented
91,2,0,0,prevented
91,3,1,1,accountable-fork
92,0,0,0,prevented
92,1,0,0,prevented
92,2,1,1,accountable-fork
92,3,1,1,accountable-fork
93,0,0,0,prevented
93,1,0,0,prevented
93,2,1,1,accountable-fork
93,3,1,1,accountable-fork
94,0,0,0,prevented
94,1,0,0,prevented
94,2,1,1,accountable-fork
94,3,1,1,accountable-fork
95,0,0,0,prevented
95,1,0,0,prevented
95,2,0,0,prevented
95,3,1,1,accountable-fork
96,0,0,0,prevented
96,1,1,1,accountable-fork
96,2,1,1,accountable-fork
96,3,1,1,accountable-fork
97,0,0,0,prevented
97,1,0,0,prevented
97,2,1,1,accountable-fork
97,3,1,1,accountable-fork
98,0,0,0,prevented
98,1,1,1,accountable-fork
98,2,1,1,accountable-fork
98,3,1,1,accountable-fork
99,0,0,0,prevented
99,1,0,0,prevented
99,2,1,1,accountable-fork
99,3,1,1,accountable-fork
100,0,0,0,prevented
100,1,1,1,accountable-fork
100,2,1,1,accountable-fork
100,3,1,1,accountable-fork
101,0,0,0,prevented
101,1,0,0,prevented
101,2,1,1,accountable-fork
101,3,1,1,accountable-fork
102,0,0,0,prevented
102,1,1,1,accountable-fork
102,2,1,1,accountable-fork
102,3,1,1,accountable-fork
103,0,0,0,prevented
103,1,0,0,prevented
103,2,1,1,accountable-fork
103,3,1,1,accountable-fork
104,0,0,0,prevented
104,1,1,1,accountable-fork
104,2,1,1,accountable-fork
104,3,1,1,accountable-fork
105,0,0,0,prevented
105,1,0,0,prevented
105,2,1,1,accountable-fork
105,3,1,1,accountable-fork
106,0,0,0,prevented
106,1,0,0,prevented
106,2,1,1,accountable-fork
106,3,1,1,accountable-fork
107,0,0,0,prevented
107,1,0,0,prevented
107,2,0,0,prevented
107,3,1,1,accountable-fork
108,0,0,0,prevented
108,1,0,0,prevented
108,2,1,1,accountable-fork
108,3,1,1,accountable-fork
109,0,0,0,prevented
109,1,0,0,prevented
109,2,1,1,accountable-fork
109,3,1,1,accountable-fork
110,0,0,0,prevented
110,1,0,0,prevented
110,2,1,1,accountable-fork
110,3,1,1,accountable-fork
111,0,0,0,prevented
111,1,0,0,prevented
111,2,0,0,prevented
111,3,1,1,accountable-fork
112,0,0,0,prevented
112,1,1,1,accountable-fork
112,2,1,1,accountable-fork
112,3,1,1,accountable-fork
113,0,0,0,prevented
113,1,0,0,prevented
113,2,1,1,accountable-fork
113,3,1,1,accountable-fork
114,0,0,0,prevented
114,1,0,0,prevented
114,2,1,1,accountable-fork
114,3,1,1,accountable-fork
115,0,0,0,prevented
115,1,0,0,prevented
115,2,1,1,accountable-fork
115,3,1,1,accountable-fork
116,0,0,0,prevented
116,1,0,0,prevented
116,2,1,1,accountable-fork
116,3,1,1,accountable-fork
117,0,0,0,prevented
117,1,0,0,prevented
117,2,1,1,accountable-fork
117,3,1,1,accountable-fork
118,0,0,0,prevented
118,1,0,0,prevented
118,2,1,1,accountable-fork
118,3,1,1,accountable-fork
119,0,0,0,prevented
119,1,0,0,prevented
119,2,1,1,accountable-fork
119,3,1,1,accountable-fork
120,0,0,0,prevented
120,1,1,1,accountable-fork
120,2,1,1,accountable-fork
120,3,1,1,accountable-fork
121,0,0,0,prevented
121,1,0,0,prevented
121,2,1,1,accountable-fork
121,3,1,1,accountable-fork
122,0,0,0,prevented
122,1,0,0,prevented
122,2,1,1,accountable-fork
122,3,1,1,accountable-fork
123,0,0,0,prevented
123,1,0,0,prevented
123,2,0,0,prevented
123,3,1,1,accountable-fork
124,0,0,0,prevented
124,1,0,0,prevented
124,2,1,1,accountable-fork
124,3,1,1,accountable-fork
125,0,0,0,prevented
125,1,0,0,prevented
125,2,1,1,accountable-fork
125,3,1,1,accountable-fork
126,0,0,0,prevented
126,1,0,0,prevented
126,2,1,1,accountable-fork
126,3,1,1,accountable-fork
127,0,0,0,prevented
127,1,0,0,prevented
127,2,0,0,prevented
127,3,1,1,accountable-fork
